Title,URL
1. Two Sum,https://leetcode.com/problems/two-sum
10. Regular Expression Matching,https://leetcode.com/problems/regular-expression-matching
100. Same Tree,https://leetcode.com/problems/same-tree
10Fill,https://leetcode.com/problems/count-of-substrings-containing-every-vowel-and-k-consonants-ii/?envType=daily-question&envId=2025-03-10
11. Container With Most Water,https://leetcode.com/problems/container-with-most-water
11Fill,https://leetcode.com/problems/number-of-substrings-containing-all-three-characters/?envType=daily-question&envId=2025-03-11
12. Integer to Roman,https://leetcode.com/problems/integer-to-roman
12Fill,https://leetcode.com/problems/maximum-count-of-positive-integer-and-negative-integer/?envType=daily-question&envId=2025-03-12
13. Roman to Integer,https://leetcode.com/problems/roman-to-integer
13Fill,https://leetcode.com/problems/zero-array-transformation-ii/?envType=daily-question&envId=2025-03-13
14. Longest Common Prefix,https://leetcode.com/problems/longest-common-prefix
14Fill,https://leetcode.com/problems/maximum-candies-allocated-to-k-children/?envType=daily-question&envId=2025-03-14
15. 3Sum,https://leetcode.com/problems/3sum
15Fill,https://leetcode.com/problems/house-robber-iv/?envType=daily-question&envId=2025-03-15
16. 3Sum Closest,https://leetcode.com/problems/3sum-closest
16Fill,https://leetcode.com/problems/minimum-time-to-repair-cars/?envType=daily-question&envId=2025-03-16
17. Letter Combinations of a Phone Number,https://leetcode.com/problems/letter-combinations-of-a-phone-number
17Fill,https://leetcode.com/problems/divide-array-into-equal-pairs/?envType=daily-question&envId=2025-03-17
18. 4Sum,https://leetcode.com/problems/4sum
18Fill,https://leetcode.com/problems/longest-nice-subarray/?envType=daily-question&envId=2025-03-18
19. Remove Nth Node From End of List,https://leetcode.com/problems/remove-nth-node-from-end-of-list
19Fill,https://leetcode.com/problems/minimum-operations-to-make-binary-array-elements-equal-to-one-i/?envType=daily-question&envId=2025-03-19
1Fill,https://leetcode.com/problems/apply-operations-to-an-array/?envType=daily-question&envId=2025-03-01
2. Add Two Numbers,https://leetcode.com/problems/add-two-numbers
20. Valid Parentheses,https://leetcode.com/problems/valid-parentheses
21. Merge Two Sorted Lists,https://leetcode.com/problems/merge-two-sorted-lists
22. Generate Parentheses,https://leetcode.com/problems/generate-parentheses
23. Merge k Sorted Lists,https://leetcode.com/problems/merge-k-sorted-lists
24. Swap Nodes in Pairs,https://leetcode.com/problems/swap-nodes-in-pairs
25. Reverse Nodes in k-Group,https://leetcode.com/problems/reverse-nodes-in-k-group
251. Flatten 2D Vector,https://leetcode.com/problems/flatten-2d-vector
252. Meeting Rooms,https://leetcode.com/problems/meeting-rooms
253. Meeting Rooms II,https://leetcode.com/problems/meeting-rooms-ii
254. Factor Combinations,https://leetcode.com/problems/factor-combinations
255. Verify Preorder Sequence in Binary Search Tree,https://leetcode.com/problems/verify-preorder-sequence-in-binary-search-tree
256. Paint House,https://leetcode.com/problems/paint-house
257. Binary Tree Paths,https://leetcode.com/problems/binary-tree-paths
258. Add Digits,https://leetcode.com/problems/add-digits
259. 3Sum Smaller,https://leetcode.com/problems/3sum-smaller
26. Remove Duplicates from Sorted Array,https://leetcode.com/problems/remove-duplicates-from-sorted-array
260. Single Number III,https://leetcode.com/problems/single-number-iii
261. Graph Valid Tree,https://leetcode.com/problems/graph-valid-tree
262. Trips and Users,https://leetcode.com/problems/trips-and-users
263. Ugly Number,https://leetcode.com/problems/ugly-number
264. Ugly Number II,https://leetcode.com/problems/ugly-number-ii
265. Paint House II,https://leetcode.com/problems/paint-house-ii
266. Palindrome Permutation,https://leetcode.com/problems/palindrome-permutation
267. Palindrome Permutation II,https://leetcode.com/problems/palindrome-permutation-ii
268. Missing Number,https://leetcode.com/problems/missing-number
269. Alien Dictionary,https://leetcode.com/problems/alien-dictionary
27. Remove Element,https://leetcode.com/problems/remove-element
270. Closest Binary Search Tree Value,https://leetcode.com/problems/closest-binary-search-tree-value
271. Encode and Decode Strings,https://leetcode.com/problems/encode-and-decode-strings
272. Closest Binary Search Tree Value II,https://leetcode.com/problems/closest-binary-search-tree-value-ii
273. Integer to English Words,https://leetcode.com/problems/integer-to-english-words
274. H-Index,https://leetcode.com/problems/h-index
275. H-Index II,https://leetcode.com/problems/h-index-ii
276. Paint Fence,https://leetcode.com/problems/paint-fence
277. Find the Celebrity,https://leetcode.com/problems/find-the-celebrity
278. First Bad Version,https://leetcode.com/problems/first-bad-version
279. Perfect Squares,https://leetcode.com/problems/perfect-squares
28. Find the Index of the First Occurrence in a String,https://leetcode.com/problems/find-the-index-of-the-first-occurrence-in-a-string
280. Wiggle Sort,https://leetcode.com/problems/wiggle-sort
281. Zigzag Iterator,https://leetcode.com/problems/zigzag-iterator
282. Expression Add Operators,https://leetcode.com/problems/expression-add-operators
283. Move Zeroes,https://leetcode.com/problems/move-zeroes
284. Peeking Iterator,https://leetcode.com/problems/peeking-iterator
285. Inorder Successor in BST,https://leetcode.com/problems/inorder-successor-in-bst
286. Walls and Gates,https://leetcode.com/problems/walls-and-gates
287. Find the Duplicate Number,https://leetcode.com/problems/find-the-duplicate-number
288. Unique Word Abbreviation,https://leetcode.com/problems/unique-word-abbreviation
289. Game of Life,https://leetcode.com/problems/game-of-life
29. Divide Two Integers,https://leetcode.com/problems/divide-two-integers
290. Word Pattern,https://leetcode.com/problems/word-pattern
291. Word Pattern II,https://leetcode.com/problems/word-pattern-ii
292. Nim Game,https://leetcode.com/problems/nim-game
293. Flip Game,https://leetcode.com/problems/flip-game
294. Flip Game II,https://leetcode.com/problems/flip-game-ii
295. Find Median from Data Stream,https://leetcode.com/problems/find-median-from-data-stream
296. Best Meeting Point,https://leetcode.com/problems/best-meeting-point
297. Serialize and Deserialize Binary Tree,https://leetcode.com/problems/serialize-and-deserialize-binary-tree
298. Binary Tree Longest Consecutive Sequence,https://leetcode.com/problems/binary-tree-longest-consecutive-sequence
299. Bulls and Cows,https://leetcode.com/problems/bulls-and-cows
2Fill,https://leetcode.com/problems/merge-two-2d-arrays-by-summing-values/?envType=daily-question&envId=2025-03-02
3. Longest Substring Without Repeating Characters,https://leetcode.com/problems/longest-substring-without-repeating-characters
30. Substring with Concatenation of All Words,https://leetcode.com/problems/substring-with-concatenation-of-all-words
300. Longest Increasing Subsequence,https://leetcode.com/problems/longest-increasing-subsequence
31. Next Permutation,https://leetcode.com/problems/next-permutation
3108. Minimum Cost Walk in Weighted Graph,https://leetcode.com/problems/minimum-cost-walk-in-weighted-graph/?envType=daily-question&envId=2025-03-20
32. Longest Valid Parentheses,https://leetcode.com/problems/longest-valid-parentheses
33. Search in Rotated Sorted Array,https://leetcode.com/problems/search-in-rotated-sorted-array
34. Find First and Last Position of Element in Sorted Array,https://leetcode.com/problems/find-first-and-last-position-of-element-in-sorted-array
35. Search Insert Position,https://leetcode.com/problems/search-insert-position
36. Valid Sudoku,https://leetcode.com/problems/valid-sudoku
37. Sudoku Solver,https://leetcode.com/problems/sudoku-solver
38. Count and Say,https://leetcode.com/problems/count-and-say
39. Combination Sum,https://leetcode.com/problems/combination-sum
3Fill,https://leetcode.com/problems/partition-array-according-to-given-pivot/?envType=daily-question&envId=2025-03-03
4. Median of Two Sorted Arrays,https://leetcode.com/problems/median-of-two-sorted-arrays
40. Combination Sum II,https://leetcode.com/problems/combination-sum-ii
41. First Missing Positive,https://leetcode.com/problems/first-missing-positive
42. Trapping Rain Water,https://leetcode.com/problems/trapping-rain-water
43. Multiply Strings,https://leetcode.com/problems/multiply-strings
44. Wildcard Matching,https://leetcode.com/problems/wildcard-matching
45. Jump Game II,https://leetcode.com/problems/jump-game-ii
46. Permutations,https://leetcode.com/problems/permutations
47. Permutations II,https://leetcode.com/problems/permutations-ii
48. Rotate Image,https://leetcode.com/problems/rotate-image
49. Group Anagrams,https://leetcode.com/problems/group-anagrams
4Fill,https://leetcode.com/problems/check-if-number-is-a-sum-of-powers-of-three/?envType=daily-question&envId=2025-03-04
5. Longest Palindromic Substring,https://leetcode.com/problems/longest-palindromic-substring
"50. Pow(x, n)",https://leetcode.com/problems/powx-n
51. N-Queens,https://leetcode.com/problems/n-queens
52. N-Queens II,https://leetcode.com/problems/n-queens-ii
53. Maximum Subarray,https://leetcode.com/problems/maximum-subarray
54. Spiral Matrix,https://leetcode.com/problems/spiral-matrix
55. Jump Game,https://leetcode.com/problems/jump-game
56. Merge Intervals,https://leetcode.com/problems/merge-intervals
57. Insert Interval,https://leetcode.com/problems/insert-interval
58. Length of Last Word,https://leetcode.com/problems/length-of-last-word
59. Spiral Matrix II,https://leetcode.com/problems/spiral-matrix-ii
5Fill,https://leetcode.com/problems/count-total-number-of-colored-cells/?envType=daily-question&envId=2025-03-05
6. Zigzag Conversion,https://leetcode.com/problems/zigzag-conversion
60. Permutation Sequence,https://leetcode.com/problems/permutation-sequence
61. Rotate List,https://leetcode.com/problems/rotate-list
62. Unique Paths,https://leetcode.com/problems/unique-paths
63. Unique Paths II,https://leetcode.com/problems/unique-paths-ii
64. Minimum Path Sum,https://leetcode.com/problems/minimum-path-sum
65. Valid Number,https://leetcode.com/problems/valid-number
66. Plus One,https://leetcode.com/problems/plus-one
67. Add Binary,https://leetcode.com/problems/add-binary
68. Text Justification,https://leetcode.com/problems/text-justification
69. Sqrt(x),https://leetcode.com/problems/sqrtx
6Fill,https://leetcode.com/problems/find-missing-and-repeated-values/?envType=daily-question&envId=2025-03-06
7. Reverse Integer,https://leetcode.com/problems/reverse-integer
70. Climbing Stairs,https://leetcode.com/problems/climbing-stairs
71. Simplify Path,https://leetcode.com/problems/simplify-path
72. Edit Distance,https://leetcode.com/problems/edit-distance
73. Set Matrix Zeroes,https://leetcode.com/problems/set-matrix-zeroes
74. Search a 2D Matrix,https://leetcode.com/problems/search-a-2d-matrix
75. Sort Colors,https://leetcode.com/problems/sort-colors
76. Minimum Window Substring,https://leetcode.com/problems/minimum-window-substring
77. Combinations,https://leetcode.com/problems/combinations
78. Subsets,https://leetcode.com/problems/subsets
79. Word Search,https://leetcode.com/problems/word-search
7Fill,https://leetcode.com/problems/closest-prime-numbers-in-range/?envType=daily-question&envId=2025-03-07
8. String to Integer (atoi),https://leetcode.com/problems/string-to-integer-atoi
80. Remove Duplicates from Sorted Array II,https://leetcode.com/problems/remove-duplicates-from-sorted-array-ii
81. Search in Rotated Sorted Array II,https://leetcode.com/problems/search-in-rotated-sorted-array-ii
82. Remove Duplicates from Sorted List II,https://leetcode.com/problems/remove-duplicates-from-sorted-list-ii
83. Remove Duplicates from Sorted List,https://leetcode.com/problems/remove-duplicates-from-sorted-list
84. Largest Rectangle in Histogram,https://leetcode.com/problems/largest-rectangle-in-histogram
85. Maximal Rectangle,https://leetcode.com/problems/maximal-rectangle
86. Partition List,https://leetcode.com/problems/partition-list
87. Scramble String,https://leetcode.com/problems/scramble-string
88. Merge Sorted Array,https://leetcode.com/problems/merge-sorted-array
89. Gray Code,https://leetcode.com/problems/gray-code
8Fill,https://leetcode.com/problems/minimum-recolors-to-get-k-consecutive-black-blocks/?envType=daily-question&envId=2025-03-08
9. Palindrome Number,https://leetcode.com/problems/palindrome-number
90. Subsets II,https://leetcode.com/problems/subsets-ii
91. Decode Ways,https://leetcode.com/problems/decode-ways
92. Reverse Linked List II,https://leetcode.com/problems/reverse-linked-list-ii
93. Restore IP Addresses,https://leetcode.com/problems/restore-ip-addresses
94. Binary Tree Inorder Traversal,https://leetcode.com/problems/binary-tree-inorder-traversal
95. Unique Binary Search Trees II,https://leetcode.com/problems/unique-binary-search-trees-ii
96. Unique Binary Search Trees,https://leetcode.com/problems/unique-binary-search-trees
97. Interleaving String,https://leetcode.com/problems/interleaving-string
98. Validate Binary Search Tree,https://leetcode.com/problems/validate-binary-search-tree
99. Recover Binary Search Tree,https://leetcode.com/problems/recover-binary-search-tree
9Fill,https://leetcode.com/problems/alternating-groups-ii/?envType=daily-question&envId=2025-03-09
W1,https://leetcode.com/problems/minimum-swaps-to-group-all-1s-together/?envType=weekly-question&envId=2025-03-01
W2,https://leetcode.com/problems/find-k-length-substrings-with-no-repeated-characters/?envType=weekly-question&envId=2025-03-08
W3,https://leetcode.com/problems/palindrome-permutation/?envType=weekly-question&envId=2025-03-15
